{
  "emitters": [
    {
      "type": "disk",
      "parameters": {
        "position": [-4, 0, 0],
        "direction": [1, 0, 0],
        "radius": 2,
        "rate": 20
      },
      "particles": {
        "mass": [1, 2],
        "lifetime": [3, 5],
        "velocity": [1, 3]
      }
    },
    {
      "type": "disk",
      "parameters": {
        "position": [4, 0, 0],
        "direction": [-1, 0, 0],
        "radius": 2,
        "rate": 20
      },
      "particles": {
        "mass": [1, 2],
        "lifetime": [3, 5],
        "velocity": [1, 3]
      }
    }
  ],
  "forces": [
    {
      "type": "drag",
      "parameters": {
        "wind": [0, 0, 0],
        "drag": 0
      }
    },
    {
      "type": "radial",
      "parameters": {
        "position": [0, 0, 0],
        "strength": 50
      }
    }
  ]
}
