{
  "emitters": [
    {
      "type": "disk",
      "parameters": {
        "position": [0, 5, 0],
        "direction": [1, 0, 0],
        "radius": 0.1,
        "rate": 10
      },
      "particles": {
        "mass": [1, 1],
        "lifetime": [5, 15],
        "velocity": [5, 5]
      }
    },
    {
      "type": "disk",
      "parameters": {
        "position": [0, -5, 0],
        "direction": [-1, 0, 0],
        "radius": 0.1,
        "rate": 10
      },
      "particles": {
        "mass": [3, 3],
        "lifetime": [5, 15],
        "velocity": [5, 5]
      }
    }
  ],
  "forces": [
    {
      "type": "radial",
      "parameters": {
        "position": [0, 0, 0],
        "strength": 100
      }
    }
  ]
}
